{"cameraMode":{"drawMode":0,"name":"Shaded","section":"Shading Mode"},"sceneLighting":true,"audioPlay":false,"sceneViewState":{"showFog":true,"showMaterialUpdate":true,"showSkybox":true,"showFlares":true,"showImageEffects":true,"showParticleSystems":true},"in2DMode":false,"pivot":{"x":-4.111920356750488,"y":6.782184600830078,"z":2.7428107261657717},"rotation":{"x":-0.10324271023273468,"y":-0.03729076310992241,"z":0.003873708425089717,"w":-0.9939494132995606},"size":51.779823303222659,"orthographic":false}