{"cameraMode":{"drawMode":0,"name":"Shaded","section":"Shading Mode"},"sceneLighting":false,"audioPlay":false,"sceneViewState":{"showFog":true,"showMaterialUpdate":true,"showSkybox":false,"showFlares":true,"showImageEffects":true,"showParticleSystems":true},"in2DMode":false,"pivot":{"x":18.232633590698243,"y":0.9565215110778809,"z":-0.009012937545776368},"rotation":{"x":-0.10324271023273468,"y":-0.03729076310992241,"z":0.003873708425089717,"w":-0.9939494132995606},"size":6.506551265716553,"orthographic":false}