{"cameraMode":{"drawMode":0,"name":"Shaded","section":"Shading Mode"},"sceneLighting":true,"audioPlay":false,"sceneViewState":{"showFog":true,"showMaterialUpdate":true,"showSkybox":true,"showFlares":true,"showImageEffects":true,"showParticleSystems":true},"in2DMode":false,"pivot":{"x":-1.0467438697814942,"y":0.4317131042480469,"z":0.3386240005493164},"rotation":{"x":0.2507933974266052,"y":0.0014520831173285843,"z":-0.0003762182896025479,"w":0.9680395126342773},"size":24.531230926513673,"orthographic":true}