{"cameraMode":{"drawMode":0,"name":"Shaded","section":"Shading Mode"},"sceneLighting":true,"audioPlay":false,"sceneViewState":{"showFog":true,"showMaterialUpdate":true,"showSkybox":true,"showFlares":true,"showImageEffects":true,"showParticleSystems":true},"in2DMode":false,"pivot":{"x":-0.07036563754081726,"y":7.3712921142578129,"z":-0.30755773186683657},"rotation":{"x":-0.1864219605922699,"y":-0.12198811769485474,"z":0.023332536220550538,"w":-0.9745877981185913},"size":36.70065689086914,"orthographic":false}