{"cameraMode":{"drawMode":0,"name":"Shaded","section":"Shading Mode"},"sceneLighting":true,"audioPlay":false,"sceneViewState":{"showFog":true,"showMaterialUpdate":true,"showSkybox":true,"showFlares":true,"showImageEffects":true,"showParticleSystems":true},"in2DMode":false,"pivot":{"x":-1.5935978889465333,"y":1.1996345520019532,"z":0.29250526428222659},"rotation":{"x":0.19748055934906007,"y":0.0822371244430542,"z":-0.016627516597509385,"w":0.97670978307724},"size":8.100041389465332,"orthographic":true}