{"cameraMode":{"drawMode":0,"name":"Shaded","section":"Shading Mode"},"sceneLighting":true,"audioPlay":false,"sceneViewState":{"showFog":false,"showMaterialUpdate":false,"showSkybox":false,"showFlares":false,"showImageEffects":false,"showParticleSystems":false},"in2DMode":false,"pivot":{"x":-1.28525972366333,"y":9.827875137329102,"z":4.364315986633301},"rotation":{"x":0.6475746035575867,"y":0.0011430017184466124,"z":-0.000971362751442939,"w":0.7620006203651428},"size":13.874810218811036,"orthographic":false}