{"cameraMode":{"drawMode":0,"name":"Shaded","section":"Shading Mode"},"sceneLighting":false,"audioPlay":false,"sceneViewState":{"showFog":true,"showMaterialUpdate":true,"showSkybox":false,"showFlares":true,"showImageEffects":true,"showParticleSystems":true},"in2DMode":false,"pivot":{"x":12.751655578613282,"y":4.701634407043457,"z":1.379921555519104},"rotation":{"x":0.04457547515630722,"y":-0.13445407152175904,"z":0.006054401863366365,"w":0.9898982644081116},"size":17.284626007080079,"orthographic":false}