{"cameraMode":{"drawMode":0,"name":"Shaded","section":"Shading Mode"},"sceneLighting":false,"audioPlay":false,"sceneViewState":{"showFog":false,"showMaterialUpdate":false,"showSkybox":false,"showFlares":false,"showImageEffects":false,"showParticleSystems":false},"in2DMode":false,"pivot":{"x":10.0,"y":1.834841251373291,"z":11.59167766571045},"rotation":{"x":0.026951998472213746,"y":0.6623318791389465,"z":-0.023854289203882219,"w":0.7483455538749695},"size":6.9452409744262699,"orthographic":false}