{"cameraMode":{"drawMode":0,"name":"Shaded","section":"Shading Mode"},"sceneLighting":false,"audioPlay":false,"sceneViewState":{"showFog":false,"showMaterialUpdate":false,"showSkybox":false,"showFlares":false,"showImageEffects":false,"showParticleSystems":false},"in2DMode":false,"pivot":{"x":10.0,"y":1.834841251373291,"z":11.59167766571045},"rotation":{"x":0.039915431290864947,"y":0.8848809003829956,"z":-0.07717948406934738,"w":0.45764175057411196},"size":7.245241165161133,"orthographic":false}