{"cameraMode":{"drawMode":0,"name":"Shaded","section":"Shading Mode"},"sceneLighting":false,"audioPlay":false,"sceneViewState":{"showFog":false,"showMaterialUpdate":false,"showSkybox":false,"showFlares":false,"showImageEffects":false,"showParticleSystems":false},"in2DMode":false,"pivot":{"x":5.960464477539063e-7,"y":1.0407719612121583,"z":11.859563827514649},"rotation":{"x":-0.060101695358753207,"y":0.157142773270607,"z":-0.009582742117345333,"w":-0.9856988191604614},"size":5.282870292663574,"orthographic":false}