{"cameraMode":{"drawMode":0,"name":"Shaded","section":"Shading Mode"},"sceneLighting":false,"audioPlay":false,"sceneViewState":{"showFog":true,"showMaterialUpdate":true,"showSkybox":false,"showFlares":true,"showImageEffects":true,"showParticleSystems":true},"in2DMode":false,"pivot":{"x":0.0,"y":0.6092278957366943,"z":0.18502885103225709},"rotation":{"x":0.37207725644111636,"y":-0.052864886820316318,"z":0.021231302991509439,"w":0.9264519214630127},"size":3.5031211376190187,"orthographic":false}