{"cameraMode":{"drawMode":0,"name":"Shaded","section":"Shading Mode"},"sceneLighting":false,"audioPlay":false,"sceneViewState":{"showFog":true,"showMaterialUpdate":true,"showSkybox":false,"showFlares":true,"showImageEffects":true,"showParticleSystems":true},"in2DMode":false,"pivot":{"x":-0.00107574462890625,"y":-2.957090139389038,"z":0.0000457763671875},"rotation":{"x":0.16214774549007417,"y":0.019240790978074075,"z":-0.0031621051020920278,"w":0.9865738749504089},"size":18.611656188964845,"orthographic":false}