{"cameraMode":{"drawMode":0,"name":"Shaded","section":"Shading Mode"},"sceneLighting":false,"audioPlay":false,"sceneViewState":{"showFog":true,"showMaterialUpdate":true,"showSkybox":false,"showFlares":true,"showImageEffects":true,"showParticleSystems":true},"in2DMode":false,"pivot":{"x":-5.960464477539063e-8,"y":0.9233397245407105,"z":0.2637845277786255},"rotation":{"x":0.03087942861020565,"y":0.9668838381767273,"z":-0.14257004857063294,"w":0.20941804349422456},"size":5.225407123565674,"orthographic":false}