{"cameraMode":{"drawMode":0,"name":"Shaded","section":"Shading Mode"},"sceneLighting":true,"audioPlay":false,"sceneViewState":{"showFog":true,"showMaterialUpdate":true,"showSkybox":true,"showFlares":true,"showImageEffects":true,"showParticleSystems":true},"in2DMode":false,"pivot":{"x":-0.6266849040985107,"y":0.7048988342285156,"z":9.924692153930664},"rotation":{"x":0.16214774549007417,"y":0.019240790978074075,"z":-0.0031621051020920278,"w":0.9865738749504089},"size":46.671363830566409,"orthographic":false}