{"cameraMode":{"drawMode":0,"name":"Shaded","section":"Shading Mode"},"sceneLighting":true,"audioPlay":false,"sceneViewState":{"showFog":true,"showMaterialUpdate":true,"showSkybox":true,"showFlares":true,"showImageEffects":true,"showParticleSystems":true},"in2DMode":false,"pivot":{"x":5.868920803070068,"y":-1.1570281982421876,"z":0.1105194091796875},"rotation":{"x":0.24720469117164613,"y":0.02761119417846203,"z":-0.007047113962471485,"w":0.9685441851615906},"size":51.03005599975586,"orthographic":false}