{"cameraMode":{"drawMode":0,"name":"Shaded","section":"Shading Mode"},"sceneLighting":false,"audioPlay":false,"sceneViewState":{"showFog":true,"showMaterialUpdate":true,"showSkybox":false,"showFlares":true,"showImageEffects":true,"showParticleSystems":true},"in2DMode":false,"pivot":{"x":-1.5216580629348755,"y":3.2116994857788088,"z":2.6264917850494386},"rotation":{"x":-0.10357250273227692,"y":-0.5086004137992859,"z":0.061789918690919879,"w":-0.8525142073631287},"size":19.37113380432129,"orthographic":false}