{"cameraMode":{"drawMode":0,"name":"Shaded","section":"Shading Mode"},"sceneLighting":true,"audioPlay":false,"sceneViewState":{"showFog":true,"showMaterialUpdate":true,"showSkybox":true,"showFlares":true,"showImageEffects":true,"showParticleSystems":true},"in2DMode":false,"pivot":{"x":0.09404352307319641,"y":3.0049095153808595,"z":3.4458751678466799},"rotation":{"x":0.2632508873939514,"y":0.007235631346702576,"z":-0.001974238082766533,"w":0.9646982550621033},"size":14.318669319152832,"orthographic":false}