{"cameraMode":{"drawMode":0,"name":"Shaded","section":"Shading Mode"},"sceneLighting":true,"audioPlay":false,"sceneViewState":{"showFog":true,"showMaterialUpdate":true,"showSkybox":true,"showFlares":true,"showImageEffects":true,"showParticleSystems":true},"in2DMode":false,"pivot":{"x":0.7770519256591797,"y":5.2050323486328129,"z":3.6336212158203127},"rotation":{"x":-0.2058168202638626,"y":-0.6045114398002625,"z":0.16555382311344148,"w":-0.7515299916267395},"size":29.748714447021486,"orthographic":false}